Title,Description,EpisodeDuration(in Minutes),Genres,Actors,Rating,Votes,Years
Game of Thrones,"Nine noble families fight for control over the lands of Westeros, while an ancient enemy returns after being dormant for millennia.",44,"Action, Adventure, Drama","Emilia Clarke, Peter Dinklage, Kit Harington, Lena Headey",9.3,1823966,2011–2019
Breaking Bad,A high school chemistry teacher diagnosed with inoperable lung cancer turns to manufacturing and selling methamphetamine in order to secure his family's future.,44,"Crime, Drama, Thriller","Bryan Cranston, Aaron Paul, Anna Gunn, Betsy Brandt",9.4,1526926,2008–2013
The Walking Dead,Sheriff Deputy Rick Grimes wakes up from a coma to learn the world is in ruins and must lead a group of survivors to stay alive.,44,"Drama, Horror, Thriller","Andrew Lincoln, Norman Reedus, Melissa McBride, Lauren Cohan",8.2,874725,2010–2022
Stranger Things,"When a young boy disappears, his mother, a police chief and his friends must confront terrifying supernatural forces in order to get him back.",60,"Drama, Fantasy, Horror","Millie Bobby Brown, Finn Wolfhard, Winona Ryder, David Harbour",8.7,864302,2016–
Sherlock,A modern update finds the famous sleuth and his doctor partner solving crime in 21st century London.,88,"Crime, Drama, Mystery","Benedict Cumberbatch, Martin Freeman, Una Stubbs, Rupert Graves",9.1,830345,2010–2017
The Big Bang Theory,A woman who moves into an apartment across the hall from two brilliant but socially awkward physicists shows them how little they know about life outside of the laboratory.,22,"Comedy, Romance","Johnny Galecki, Jim Parsons, Kaley Cuoco, Simon Helberg",8.1,737437,2007–2019
Dexter,"By day, mild-mannered Dexter is a blood-spatter analyst for the Miami police. But at night, he is a serial killer who only targets other murderers.",53,"Crime, Drama, Mystery","Michael C. Hall, Jennifer Carpenter, David Zayas, James Remar",8.6,658516,2006–2021
How I Met Your Mother,A father recounts to his children - through a series of flashbacks - the journey he and his four best friends took leading up to him meeting their mother.,22,"Comedy, Romance","Josh Radnor, Jason Segel, Cobie Smulders, Neil Patrick Harris",8.3,618121,2005–2014
True Detective,"Seasonal anthology series in which police investigations unearth the personal and professional secrets of those involved, both within and outside the law.",55,"Crime, Drama, Mystery","Vince Vaughn, Colin Farrell, Rachel McAdams, Taylor Kitsch",8.9,510795,2014–2019
Lost,The survivors of a plane crash are forced to work together in order to survive on a seemingly deserted tropical island.,44,"Adventure, Drama, Fantasy","Jorge Garcia, Josh Holloway, Yunjin Kim, Evangeline Lilly",8.3,507182,2004–2010
Prison Break,"Due to a political conspiracy, an innocent man is sent to death row and his only hope is his brother, who makes it his mission to deliberately get himself sent to the same prison in order to break the both of them out, from the inside.",44,"Action, Crime, Drama","Dominic Purcell, Wentworth Miller, Amaury Nolasco, Robert Knepper",8.3,487718,2005–2017
House of Cards,A Congressman works with his equally conniving wife to exact revenge on the people who betrayed him.,51,Drama,"Kevin Spacey, Michel Gill, Robin Wright, Kate Mara",8.7,473737,2013–2018
Black Mirror,"An anthology series exploring a twisted, high-tech multiverse where humanity's greatest innovations and darkest instincts collide.",60,"Drama, Sci-Fi, Thriller","Daniel Lapaine, Hannah John-Kamen, Michaela Coel, Beatrice Robertson-Jones",8.8,462587,2011–
Vikings,"Vikings transports us to the brutal and mysterious world of Ragnar Lothbrok, a Viking warrior and farmer who yearns to explore - and raid - the distant shores across the ocean.",22,"Action, Adventure, Drama","Katheryn Winnick, Gustaf Skarsgård, Alexander Ludwig, Georgia Hirst",8.5,451657,2013–2020
The Office,"A mockumentary on a group of typical office workers, where the workday consists of ego clashes, inappropriate behavior, and tedium.",60,Comedy,"Steve Carell, Jenna Fischer, John Krasinski, Rainn Wilson",8.9,441951,2005–2013
Westworld,"Set at the intersection of the near future and the reimagined past, explore a world in which every human appetite can be indulged without consequence.",62,"Drama, Mystery, Sci-Fi","Evan Rachel Wood, Jeffrey Wright, Ed Harris, Thandiwe Newton",8.6,439841,2016–
House M.D.,An antisocial maverick doctor who specializes in diagnostic medicine does whatever it takes to solve puzzling cases that come his way using his crack team of doctors and his wits.,44,"Drama, Mystery","Hugh Laurie, Omar Epps, Robert Sean Leonard, Jesse Spencer",8.7,422601,2004–2012
Arrow,"Spoiled billionaire playboy Oliver Queen is missing and presumed dead when his yacht is lost at sea. He returns five years later a changed man, determined to clean up the city as a hooded vigilante armed with a bow.",42,"Action, Adventure, Crime","Stephen Amell, Katie Cassidy, David Ramsey, Susanna Thompson",7.5,412385,2012–2020
Supernatural,"Two brothers follow their father's footsteps as hunters, fighting evil supernatural beings of many kinds, including monsters, demons and gods that roam the earth.",44,"Drama, Fantasy, Horror","Jared Padalecki, Jensen Ackles, Jim Beaver, Misha Collins",8.4,399980,2005–2020
Rick and Morty,An animated series that follows the exploits of a super scientist and his not-so-bright grandson.,23,"Animation, Adventure, Comedy","Justin Roiland, Chris Parnell, Spencer Grammer, Sarah Chalke",9.2,395283,2013–
Peaky Blinders,"A gangster family epic set in 1900s England, centering on a gang who sew razor blades in the peaks of their caps, and their fierce boss Tommy Shelby.",49,"Crime, Drama","Cillian Murphy, Paul Anderson, Helen McCrory, Sophie Rundle",8.8,380395,2013–
Suits,"On the run from a drug deal gone bad, brilliant college dropout Mike Ross finds himself working with Harvey Specter, one of New York City's best lawyers.",44,"Comedy, Drama","Gabriel Macht, Patrick J. Adams, Meghan Markle, Sarah Rafferty",8.4,371333,2011–2019
Modern Family,Three different but related families face trials and tribulations in their own uniquely comedic ways.,22,"Comedy, Drama, Romance","""Ed ONeill"", Sofía Vergara, Julie Bowen, Ty Burrell",8.4,371124,2009–2020
Daredevil,"A blind lawyer by day, vigilante by night. Matt Murdock fights the crime of New York as Daredevil.",54,"Action, Crime, Drama","Charlie Cox, ""Vincent DOnofrio"", Deborah Ann Woll, Elden Henson",8.6,371065,2015–2018
Narcos,"A chronicled look at the criminal exploits of Colombian drug lord Pablo Escobar, as well as the many other drug kingpins who plagued the country through the years.",49,"Biography, Crime, Drama","Pedro Pascal, Wagner Moura, Boyd Holbrook, Alberto Ammann",8.8,370793,2015–2017
Mr. Robot,"Elliot, a brilliant but highly unstable young cyber-security engineer and vigilante hacker, becomes a key figure in a complex game of global dominance when he and his shadowy allies try to take down the corrupt corporation he works for.",49,"Crime, Drama, Thriller","Rami Malek, Christian Slater, Carly Chaikin, Martin Wallström",8.5,342252,2015–2019
Better Call Saul,"The trials and tribulations of criminal lawyer Jimmy McGill in the time before he established his strip-mall law office in Albuquerque, New Mexico.",46,"Crime, Drama","Bob Odenkirk, Rhea Seehorn, Jonathan Banks, Patrick Fabian",8.7,341222,2015–
Fargo,"Various chronicles of deception, intrigue and murder in and around frozen Minnesota. Yet all of these tales mysteriously lead back one way or another to Fargo, North Dakota.",53,"Crime, Drama, Thriller","Billy Bob Thornton, Martin Freeman, Allison Tolman, Colin Hanks",8.9,337527,2014–
La casa de papel,An unusual group of robbers attempt to carry out the most perfect robbery in Spanish history - stealing 2.4 billion euros from the Royal Mint of Spain.,70,"Action, Crime, Mystery","Úrsula Corberó, Álvaro Morte, Itziar Ituño, Pedro Alonso",8.3,331408,2017–2021
The Mandalorian,"The travels of a lone bounty hunter in the outer reaches of the galaxy, far from the authority of the New Republic.",40,"Action, Adventure, Sci-Fi","Pedro Pascal, Gina Carano, Giancarlo Esposito, Chris Bartlett",8.8,325891,2019–
The Witcher,"Geralt of Rivia, a solitary monster hunter, struggles to find his place in a world where people often prove more wicked than beasts.",60,"Action, Adventure, Fantasy","Henry Cavill, Anna Shaffer, Freya Allan, Yasen Atour",8.2,321466,2019–
Homeland,A bipolar CIA operative becomes convinced a prisoner of war has been turned by al-Qaeda and is planning to carry out a terrorist attack on American soil.,55,"Crime, Drama, Mystery","Claire Danes, Mandy Patinkin, Damian Lewis, Rupert Friend",8.3,320237,2011–2020
The Flash,"After being struck by lightning, Barry Allen wakes up from his coma to discover he's been given the power of super speed, becoming the next Flash, fighting crime in Central City.",43,"Action, Adventure, Drama","Grant Gustin, Candice Patton, Danielle Panabaker, Carlos Valdes",7.6,314534,2014–
Dark,"A family saga with a supernatural twist, set in a German town, where the disappearance of two young children exposes the relationships among four families.",60,"Crime, Drama, Mystery","Louis Hofmann, Karoline Eichhorn, Lisa Vicari, Maja Schöne",8.8,305353,2017–2020
The Wire,"The Baltimore drug scene, as seen through the eyes of drug dealers and law enforcement.",59,"Crime, Drama, Thriller","Dominic West, Lance Reddick, Sonja Sohn, Wendell Pierce",9.3,294150,2002–2008
The Vampire Diaries,"The lives, loves, dangers and disasters in the town, Mystic Falls, Virginia. Creatures of unspeakable horror lurk beneath this town as a teenage girl is suddenly torn between two vampire brothers.",43,"Drama, Fantasy, Horror","Nina Dobrev, Paul Wesley, Ian Somerhalder, Kat Graham",7.7,290496,2009–2017
Orange Is the New Black,"Convicted of a decade old crime of transporting drug money to an ex-girlfriend, normally law-abiding Piper Chapman is sentenced to a year and a half behind bars to face the reality of how life-changing prison can really be.",59,"Comedy, Crime, Drama","Taylor Schilling, Danielle Brooks, Taryn Manning, Emma Myles",8,282708,2013–2019
American Horror Story,"An anthology series centering on different characters and locations, including a house with a murderous past, an insane asylum, a witch coven, a freak show circus, a haunted hotel, a possessed farmhouse, a cult, the apocalypse, and a slasher summer camp.",60,"Drama, Horror, Thriller","Lady Gaga, Kathy Bates, Angela Bassett, Sarah Paulson",8,282563,2011–
Arrested Development,"Level-headed son Michael Bluth takes over family affairs after his father is imprisoned. But the rest of his spoiled, dysfunctional family are making his job unbearable.",22,Comedy,"Jason Bateman, Michael Cera, Portia de Rossi, Will Arnett",8.7,281873,2003–2019
The Boys,A group of vigilantes set out to take down corrupt superheroes who abuse their superpowers.,60,"Action, Comedy, Crime","Karl Urban, Jack Quaid, Antony Starr, Erin Moriarty",8.7,279838,2019–
Sons of Anarchy,A biker struggles to balance being a father and being involved in an outlaw motorcycle club.,45,"Crime, Drama, Thriller","Charlie Hunnam, Katey Sagal, Mark Boone Junior, Kim Coates",8.5,267551,2008–2014
13 Reasons Why,"Follows teenager Clay Jensen, in his quest to uncover the story behind his classmate and crush, Hannah, and her decision to end her life.",60,"Drama, Mystery, Thriller","Dylan Minnette, Katherine Langford, Christian Navarro, Alisha Boe",7.6,262763,2017–2020
Grey's Anatomy,A drama centered on the personal and professional lives of five surgical interns and their supervisors.,30,"Drama, Romance","Ellen Pompeo, Chandra Wilson, James Pickens Jr., Justin Chambers",7.5,261340,2005–
Avatar: The Last Airbender,"In a war-torn world of elemental magic, a young boy reawakens to undertake a dangerous mystic quest to fulfill his destiny as the Avatar, and bring peace to the world.",23,"Animation, Action, Adventure","Dee Bradley Baker, Zach Tyler, Mae Whitman, Jack De Sena",9.3,260893,2005–2008
Death Note: Desu nôto,An intelligent high school student goes on a secret crusade to eliminate criminals from the world after discovering a notebook capable of killing anyone whose name is written into it.,24,"Animation, Crime, Drama","Mamoru Miyano, Brad Swaile, Vincent Tong, Ryô Naitô",9,256108,2006–2007
Lucifer,Lucifer Morningstar has decided he's had enough of being the dutiful servant in Hell and decides to spend some time on Earth to better understand humanity. He settles in Los Angeles - the City of Angels.,45,"Crime, Drama, Fantasy","Tom Ellis, Lauren German, Lesley-Ann Brandt, Kevin Alejandro",8.1,252826,2016–
Firefly,"Five hundred years in the future, a renegade crew aboard a small spacecraft tries to survive as they travel the unknown parts of the galaxy and evade warring factions as well as authority agents out to get them.",44,"Adventure, Drama, Sci-Fi","Nathan Fillion, Gina Torres, Alan Tudyk, Morena Baccarin",9,247589,2002–2003
Two and a Half Men,A hedonistic jingle writer's free-wheeling life comes to an abrupt halt when his brother and 10-year-old nephew move into his beach-front house.,22,"Comedy, Romance","Jon Cryer, Ashton Kutcher, Angus T. Jones, Conchata Ferrell",7,245102,2003–2015
Brooklyn Nine-Nine,"Comedy series following the exploits of Det. Jake Peralta and his diverse, lovable colleagues as they police the NYPD's 99th Precinct.",22,"Comedy, Crime","Andy Samberg, Stephanie Beatriz, Terry Crews, Melissa Fumero",8.4,242429,2013–2022
Scrubs,"In the unreal world of Sacred Heart Hospital, intern John ""J.D."" Dorian learns the ways of medicine, friendship and life.",22,"Comedy, Drama","Zach Braff, Donald Faison, Sarah Chalke, John C. McGinley",8.3,240695,2001–2010
Shingeki no kyojin,"After his hometown is destroyed and his mother is killed, young Eren Jaeger vows to cleanse the earth of the giant humanoid Titans that have brought humanity to the brink of extinction.",24,"Animation, Action, Adventure","Yûki Kaji, Marina Inoue, Josh Grelle, Yui Ishikawa",9,234234,2013–2021
Hannibal,Explores the early relationship between renowned psychiatrist Hannibal Lecter and a young FBI criminal profiler who is haunted by his ability to empathize with serial killers.,44,"Crime, Drama, Horror","Hugh Dancy, Mads Mikkelsen, Caroline Dhavernas, Laurence Fishburne",8.5,234047,2013–2015
True Blood,"Telepathic waitress Sookie Stackhouse encounters a strange new supernatural world when she meets the mysterious Bill Compton, a southern Louisiana gentleman and vampire.",55,"Drama, Fantasy, Mystery","Anna Paquin, Stephen Moyer, Sam Trammell, Ryan Kwanten",7.8,231653,2008–2014
Heroes,Common people discover that they have super powers. Their lives intertwine as a devastating event must be prevented.,45,"Drama, Fantasy, Sci-Fi","Jack Coleman, Hayden Panettiere, Milo Ventimiglia, Masi Oka",7.5,231384,II 2006–2010
Mindhunter,"Set in the late 1970s, two FBI agents are tasked with interviewing serial killers to solve open cases.",60,"Crime, Drama, Thriller","Jonathan Groff, Holt McCallany, Anna Torv, Hannah Gross",8.6,230420,2017–2019
Community,A suspended lawyer is forced to enroll in a community college with an eccentric staff and student body.,22,Comedy,"Joel McHale, Danny Pudi, Donald Glover, Chevy Chase",8.5,227366,2009–2015
Spartacus: Blood and Sand,"The life of Spartacus, the gladiator who lead a rebellion against the Romans. From his time as an ally of the Romans, to his betrayal and becoming a gladiator, to the rebellion he leads and its ultimate outcome.",55,"Action, Adventure, Biography","Andy Whitfield, Lucy Lawless, Manu Bennett, Daniel Feuerriegel",8.5,227020,2010–2013
Fringe,An F.B.I. agent is forced to work with an institutionalized scientist and his son in order to rationalize a brewing storm of unexplained phenomena.,46,"Drama, Mystery, Sci-Fi","Anna Torv, Joshua Jackson, John Noble, Jasika Nicole",8.4,224181,2008–2013
The 100,"Set ninety-seven years after a nuclear war has destroyed civilization, when a spaceship housing humanity's lone survivors sends one hundred juvenile delinquents back to Earth, in hopes of possibly re-populating the planet.",43,"Drama, Mystery, Sci-Fi","Eliza Taylor, Bob Morley, Marie Avgeropoulos, Isaiah Washington",7.6,224132,2014–2020
Parks and Recreation,The absurd antics of an Indiana town's public officials as they pursue sundry projects to make their city a better place.,22,Comedy,"Amy Poehler, ""Jim OHeir"", Nick Offerman, Chris Pratt",8.6,223130,2009–2020
Gotham,The story behind Detective James Gordon's rise to prominence in Gotham City in the years before Batman's arrival.,42,"Action, Crime, Drama","Ben McKenzie, Jada Pinkett Smith, Donal Logue, Camren Bicondova",7.8,214918,2014–2019
Mad Men,"A drama about one of New York's most prestigious ad agencies at the beginning of the 1960s, focusing on one of the firm's most mysterious but extremely talented ad executives, Donald Draper.",47,Drama,"Jon Hamm, Elisabeth Moss, Vincent Kartheiser, January Jones",8.6,213620,2007–2015
Once Upon a Time,A young woman with a troubled past is drawn to a small town in Maine where fairy tales are to be believed.,60,"Adventure, Fantasy, Romance","Ginnifer Goodwin, Jennifer Morrison, Lana Parrilla, Robert Carlyle",7.7,211260,2011–2018
Shameless,"A scrappy, feisty, fiercely loyal Chicago family makes no apologies.",46,"Comedy, Drama","Emmy Rossum, William H. Macy, Ethan Cutkosky, Jeremy Allen White",8.5,211076,2011–2021
The Blacklist,"A new FBI profiler, Elizabeth Keen, has her entire life uprooted when a mysterious criminal, Raymond Reddington, who has eluded capture for decades, turns himself in and insists on speaking only to her.",41,"Crime, Drama, Mystery","James Spader, Megan Boone, Diego Klattenhoff, Ryan Eggold",8,207764,2013–
Agents of S.H.I.E.L.D.,"The missions of the Strategic Homeland Intervention, Enforcement and Logistics Division.",45,"Action, Adventure, Drama","Clark Gregg, Ming-Na Wen, Brett Dalton, Iain De Caestecker",7.5,203586,2013–2020
Doctor Who,The further adventures in time and space of the alien adventurer known as the Doctor and their companions from planet Earth.,45,"Adventure, Drama, Family","Jodie Whittaker, Peter Capaldi, Pearl Mackie, Matt Smith",8.6,202938,2005–
Ozark,"A financial advisor drags his family from Chicago to the Missouri Ozarks, where he must launder money to appease a drug boss.",60,"Crime, Drama, Thriller","Jason Bateman, Laura Linney, Sofia Hublitz, Skylar Gaertner",8.4,200966,2017–
New Girl,"After a bad break-up, Jess, an offbeat young woman, moves into an apartment loft with three single men. Although they find her behavior very unusual, the men support her - most of the time.",22,Comedy,"Zooey Deschanel, Jake Johnson, Max Greenfield, Hannah Simone",7.7,198036,2011–2018
Jessica Jones,"Following the tragic end of her brief superhero career, Jessica Jones tries to rebuild her life as a private investigator, dealing with cases involving people with remarkable abilities in New York City.",56,"Action, Crime, Drama","Krysten Ritter, Rachael Taylor, Eka Darville, Carrie-Anne Moss",7.9,196410,2015–2019
It's Always Sunny in Philadelphia,Five friends with big egos and small brains are the proprietors of an Irish pub in Philadelphia.,22,Comedy,"Charlie Day, Glenn Howerton, Rob McElhenney, Kaitlin Olson",8.8,195045,2005–
The Punisher,"After the murder of his family, Marine veteran Frank Castle becomes the vigilante known as ""The Punisher,"" with only one goal in mind: to avenge them.",53,"Action, Crime, Drama","Jon Bernthal, Amber Rose Revah, Ben Barnes, Jason R. Moore",8.5,191555,2017–2019
The Handmaid's Tale,"Set in a dystopian future, a woman is forced to live as a concubine under a fundamentalist theocratic dictatorship.",42,"Drama, Sci-Fi, Thriller","Elisabeth Moss, Yvonne Strahovski, Joseph Fiennes, Ann Dowd",8.4,187007,2017–
Boardwalk Empire,An Atlantic City politician plays both sides of the law by conspiring with gangsters during the Prohibition era.,55,"Crime, Drama, History","Steve Buscemi, Kelly Macdonald, Michael Shannon, Shea Whigham",8.5,175133,2010–2014
24,Jack Bauer races against the clock to subvert terrorist plots and save his nation from ultimate disaster.,44,"Action, Crime, Drama","Kiefer Sutherland, Mary Lynn Rajskub, Carlos Bernard, Dennis Haysbert",8.3,174994,2001–2010
Californication,"A writer tries to juggle his career, his relationship with his daughter and his ex-girlfriend, as well as his appetite for beautiful women.",28,"Comedy, Drama","David Duchovny, Natascha McElhone, Evan Handler, Pamela Adlon",8.3,173192,2007–2014
Sex Education,A teenage boy with a sex therapist mother teams up with a high school classmate to set up an underground sex therapy clinic at school.,45,"Comedy, Drama","Asa Butterfield, Gillian Anderson, Ncuti Gatwa, Emma Mackey",8.3,171342,2019–
The Mentalist,"A famous ""psychic"" outs himself as a fake, and starts working as a consultant for the California Bureau of Investigation so he can find ""Red John"", the madman who killed his wife and daughter.",43,"Crime, Drama, Mystery","Simon Baker, Robin Tunney, Tim Kang, Owain Yeoman",8.1,168774,2008–2015
Downton Abbey,A chronicle of the lives of the British aristocratic Crawley family and their servants in the early twentieth century.,58,"Drama, Romance","Hugh Bonneville, Phyllis Logan, Elizabeth McGovern, Brendan Coyle",8.7,168268,2010–2015
Criminal Minds,"The cases of the F.B.I. Behavioral Analysis Unit (B.A.U.), an elite group of profilers who analyze the nation's most dangerous serial killers and individual heinous crimes in an effort to anticipate their next moves before they strike again.",44,"Crime, Drama, Mystery","Matthew Gray Gubler, Kirsten Vangsness, A.J. Cook, Joe Mantegna",8,167842,2005–2020
The Crown,Follows the political rivalries and romance of Queen Elizabeth II's reign and the events that shaped the second half of the twentieth century.,58,"Biography, Drama, History","Claire Foy, Olivia Colman, Imelda Staunton, Matt Smith",8.6,166196,2016–
Person of Interest,"An ex-CIA agent and a wealthy programmer save lives via a surveillance AI that sends them the identities of civilians involved in impending crimes. However, the details of the crimes, including the civilians' roles, are left a mystery.",43,"Action, Crime, Drama","Jim Caviezel, Taraji P. Henson, Kevin Chapman, Michael Emerson",8.4,165694,2011–2016
Big Little Lies,"The apparently perfect lives of upper-class mothers, at a prestigious elementary school, unravel to the point of murder when a single-mother moves to their quaint Californian beach town.",60,"Crime, Drama, Mystery","Reese Witherspoon, Nicole Kidman, Shailene Woodley, Zoë Kravitz",8.5,164819,2017–2019
Entourage,Film star Vince Chase navigates the vapid terrain of Los Angeles with a close circle of friends and his trusty agent.,28,"Comedy, Drama","Kevin Connolly, Adrian Grenier, Kevin Dillon, Jerry Ferrara",8.4,160042,2004–2011
Rome,A down-to-earth account of the lives of both illustrious and ordinary Romans set in the last days of the Roman Republic.,52,"Action, Drama, History","Kevin McKidd, Ray Stevenson, Polly Walker, Kerry Condon",8.7,158080,2005–2007
Gossip Girl,Privileged teens living on the Upper East Side of New York can hide no secret from the ruthless blogger who is always watching.,42,"Drama, Romance","Blake Lively, Leighton Meester, Penn Badgley, Ed Westwick",7.4,157721,2007–2012
Battlestar Galactica,"When an old enemy, the Cylons, resurface and obliterate the 12 colonies, the crew of the aged Galactica protect a small civilian fleet - the last of humanity - as they journey toward the fabled 13th colony, Earth.",44,"Action, Adventure, Drama","Edward James Olmos, Mary McDonnell, Jamie Bamber, James Callis",8.7,155262,2004–2009
Pretty Little Liars,"Four friends band together against an anonymous foe who threatens to reveal their darkest secrets, while also investigating the disappearance of their best friend.",44,"Drama, Mystery, Romance","Troian Bellisario, Ashley Benson, Lucy Hale, Shay Mitchell",7.4,154731,2010–2017
The End of the F***ing World,"James is 17 and is pretty sure he is a psychopath. Alyssa, also 17, is the cool and moody new girl at school. The pair make a connection and she persuades him to embark on a road trip in search of her real father.",25,"Adventure, Comedy, Crime","Jessica Barden, Alex Lawther, Steve Oram, Christine Bottomley",8.1,154366,2017–2019
You,"A dangerously charming, intensely obsessive young man goes to extreme measures to insert himself into the lives of those he is transfixed by.",45,"Crime, Drama, Romance","Penn Badgley, Victoria Pedretti, Ambyr Childers, Elizabeth Lail",7.7,153731,2018–
Altered Carbon,"Set in a future where consciousness is digitized and stored, a prisoner returns to life in a new body and must solve a mind-bending murder to win his freedom.",60,"Action, Drama, Sci-Fi","Chris Conner, Renée Elise Goldsberry, Dichen Lachman, Will Yun Lee",8,147206,2018–2020
Bones,"Forensic anthropologist Dr. Temperance ""Bones"" Brennan and cocky F.B.I. Special Agent Seeley Booth build a team to investigate murders. Quite often, there isn't more to examine than rotten flesh or mere bones.",40,"Comedy, Crime, Drama","Emily Deschanel, David Boreanaz, Michaela Conlin, T.J. Thyne",7.8,142888,2005–2017
Castle,"After a serial killer imitates the plots of his novels, successful mystery novelist Richard ""Rick"" Castle receives permission from the Mayor of New York City to tag along with an NYPD homicide investigation team for research purposes.",43,"Comedy, Crime, Drama","Nathan Fillion, Stana Katic, Susan Sullivan, Jon Huertas",8.1,142862,2009–2016
Sense8,"A group of people around the world are suddenly linked mentally, and must find a way to survive being hunted by those who see them as a threat to the world's order.",60,"Drama, Mystery, Sci-Fi","Bae Doona, Jamie Clayton, Tina Desai, Tuppence Middleton",8.3,142799,2015–2018
Archer,Covert black ops and espionage take a back seat to zany personalities and relationships between secret agents and drones.,22,"Animation, Action, Comedy","H. Jon Benjamin, Judy Greer, Amber Nash, Chris Parnell",8.6,140355,2009–
Glee,A group of ambitious misfits try to escape the harsh realities of high school by joining a glee club headed by a passionate Spanish teacher.,44,"Comedy, Drama, Music","Lea Michele, Jane Lynch, Matthew Morrison, Cory Monteith",6.7,138844,2009–2015
The IT Crowd,"The comedic misadventures of Roy, Moss and their grifting supervisor Jen, a rag-tag team of IT support workers at a large corporation headed by a hotheaded yuppie.",25,Comedy,"""Chris ODowd"", Richard Ayoade, Katherine Parkinson, Matt Berry",8.5,137572,2006–2013
How to Get Away with Murder,A group of ambitious law students and their brilliant criminal defense professor become involved in a twisted murder plot that promises to change the course of their lives.,43,"Crime, Drama, Mystery","Viola Davis, Billy Brown, Jack Falahee, Aja Naomi King",8.1,134288,2014–2020
Outlander,An English combat nurse from 1945 is mysteriously swept back in time to 1743.,64,"Drama, Fantasy, Romance","Caitriona Balfe, Sam Heughan, Duncan Lacroix, Sophie Skelton",8.4,132737,2014–
Hagane no renkinjutsushi,Two brothers search for a Philosopher's Stone after an attempt to revive their deceased mother goes awry and leaves them in damaged physical forms.,24,"Animation, Action, Adventure","Kent Williams, Iemasa Kayumi, Vic Mignogna, Romi Pak",9.1,131271,2009–2012
Teen Wolf,An average high school student and his best friend get caught up in some trouble causing him to receive a werewolf bite. As a result they find themselves in the middle of all sorts of dramas in Beacon Hills.,41,"Action, Drama, Fantasy","Tyler Posey, Holland Roden, ""Dylan OBrien"", Linden Ashby",7.6,131103,2011–2017
Silicon Valley,"Follows the struggle of Richard Hendricks, a Silicon Valley engineer trying to build his own company called Pied Piper.",28,Comedy,"Thomas Middleditch, T.J. Miller, Josh Brener, Martin Starr",8.5,130538,2014–2019
Chuck,"When a twenty-something computer geek inadvertently downloads critical government secrets into his brain, the C.I.A. and the N.S.A. assign two agents to protect him and exploit such knowledge, turning his life upside down.",43,"Action, Comedy, Drama","Zachary Levi, Yvonne Strahovski, Joshua Gomez, Vik Sahay",8.2,129116,2007–2012
One Punch Man: Wanpanman,"The story of Saitama, a hero that does it just for fun & can defeat his enemies with a single punch.",24,"Animation, Action, Comedy","Makoto Furukawa, Kaito Ishikawa, Max Mittelman, Zach Aguilar",8.8,125196,2015–
Riverdale,"While navigating the troubled waters of romance, school and family, Archie and his gang become entangled in dark Riverdale mysteries.",45,"Crime, Drama, Mystery","K.J. Apa, Lili Reinhart, Camila Mendes, Cole Sprouse",6.8,125092,2017–
Luther,DCI John Luther is a near-genius murder detective whose brilliant mind can't always save him from the dangerous violence of his passions.,60,"Crime, Drama, Mystery","Idris Elba, Dermot Crowley, Michael Smiley, Warren Brown",8.5,124375,2010–2019
The Good Place,Four people and their otherworldly frienemy struggle in the afterlife to define what it means to be good.,22,"Comedy, Drama, Fantasy","Kristen Bell, William Jackson Harper, Jameela Jamil, ""DArcy Carden""",8.2,123902,2016–2020
Six Feet Under,A chronicle of the lives of a dysfunctional family who run an independent funeral home in Los Angeles.,55,"Comedy, Drama","Peter Krause, Michael C. Hall, Frances Conroy, Lauren Ambrose",8.7,123860,2001–2005
NCIS: Naval Criminal Investigative Service,"The cases of the Naval Criminal Investigative Service's Washington, D.C. Major Case Response Team, led by Special Agent Leroy Jethro Gibbs.",60,"Action, Crime, Drama","Mark Harmon, David McCallum, Sean Murray, Pauley Perrette",7.7,123556,2003–
The Originals,A family of power-hungry thousand-year-old vampires look to take back the city that they built and dominate all those who have done them wrong.,45,"Drama, Fantasy, Horror","Joseph Morgan, Daniel Gillies, Claire Holt, Phoebe Tonkin",8.2,121133,2013–2018
White Collar,"A white-collar criminal agrees to help the FBI catch other white-collar criminals using his expertise as an art and securities thief, counterfeiter, and conman.",40,"Comedy, Crime, Drama","Matt Bomer, Tim DeKay, Willie Garson, Tiffani Thiessen",8.2,121025,2009–2014
BoJack Horseman,"BoJack Horseman was the star of the hit television show ""Horsin' Around"" in the '80s and '90s, but now he's washed up, living in Hollywood, complaining about everything, and wearing colorful sweaters.",25,"Animation, Comedy, Drama","Will Arnett, Amy Sedaris, Alison Brie, Aaron Paul",8.7,120871,2014–2020
Cobra Kai,"Decades after their 1984 All Valley Karate Tournament bout, a middle-aged Daniel LaRusso and Johnny Lawrence find themselves martial-arts rivals again.",30,"Action, Comedy, Drama","Ralph Macchio, Xolo Maridueña, William Zabka, Courtney Henggeler",8.6,119611,2018–
Luke Cage,"When a sabotaged experiment gives him super strength and unbreakable skin, Luke Cage becomes a fugitive attempting to rebuild his life in Harlem and must soon confront his past and fight a battle for the heart of his city.",55,"Action, Crime, Drama","Mike Colter, Simone Missick, Theo Rossi, Alfre Woodard",7.3,119108,2016–2018
Desperate Housewives,"Secrets and truths unfold through the lives of female friends in one suburban neighborhood, after the mysterious suicide of a neighbor.",45,"Comedy, Drama, Mystery","Teri Hatcher, Felicity Huffman, Marcia Cross, Eva Longoria",7.5,118588,2004–2012
American Dad!,"The random escapades of Stan Smith, a conservative C.I.A. Agent dealing with family life, and keeping America safe, all in the most absurd way possible.",22,"Animation, Comedy","Seth MacFarlane, Wendy Schaal, Scott Grimes, Rachael MacFarlane",7.3,118581,2005–
Smallville,"A young Clark Kent struggles to find his place in the world as he learns to harness his alien powers for good and deals with the typical troubles of teenage life in Smallville, Kansas.",60,"Adventure, Drama, Romance","Tom Welling, Michael Rosenbaum, Allison Mack, Kristin Kreuk",7.5,118498,2001–2011
Taboo,"Adventurer James Keziah Delaney returns to London during the War of 1812 to rebuild his late father's shipping empire. However, both the government and his biggest competitor want his inheritance at any cost - even murder.",59,"Drama, Mystery, Thriller","Tom Hardy, David Hayman, Jonathan Pryce, Oona Chaplin",8.4,118277,2017–
Iron Fist,A young man is bestowed with incredible martial arts skills and a mystical force known as the Iron Fist.,55,"Action, Adventure, Crime","Finn Jones, Jessica Henwick, Jessica Stroup, Tom Pelphrey",6.5,117507,2017–2018
The Expanse,"In the 24th century, a disparate band of antiheroes unravel a vast conspiracy that threatens the Solar System's fragile state of cold war.",60,"Drama, Mystery, Sci-Fi","Wes Chatham, Dominique Tipper, Steven Strait, Shohreh Aghdashloo",8.5,117294,2015–
"Love, Death & Robots","A collection of animated short stories that span various genres including science fiction, fantasy, horror and comedy.",15,"Animation, Short, Comedy","Scott Whyte, Nolan North, Steven Pacey, ""Emily OBrien""",8.5,116592,2019–
Fear the Walking Dead,"A Walking Dead spinoff set in Los Angeles, California. Follows two families who must band together to survive the undead apocalypse.",44,"Drama, Horror, Sci-Fi","Kim Dickens, Frank Dillane, Cliff Curtis, Rubén Blades",6.9,116481,2015–
This Is Us,"A heartwarming and emotional story about a unique set of triplets, their struggles and their wonderful parents.",45,"Comedy, Drama, Romance","Milo Ventimiglia, Mandy Moore, Sterling K. Brown, Chrissy Metz",8.7,114515,2016–2022
Supergirl,The adventures of Superman's cousin in her own superhero career.,43,"Action, Adventure, Drama","Melissa Benoist, Chyler Leigh, David Harewood, Mehcad Brooks",6.2,114304,2015–2021
Revenge,An emotionally troubled young woman sets out to exact revenge against the people who wronged her father.,44,"Drama, Mystery, Thriller","Madeleine Stowe, Emily VanCamp, Gabriel Mann, Nick Wechsler",7.8,114140,2011–2015
Penny Dreadful,"Explorer Sir Malcolm Murray, American gunslinger Ethan Chandler, scientist Victor Frankenstein and medium Vanessa Ives unite to combat supernatural threats in Victorian London.",60,"Drama, Fantasy, Horror","Josh Hartnett, Timothy Dalton, Eva Green, Reeve Carney",8.2,114096,2014–2016
30 Rock,"Liz Lemon, head writer of the sketch comedy show ""TGS with Tracy Jordan"", must deal with an arrogant new boss and a crazy new star, all while trying to run a successful television show without losing her mind.",22,Comedy,"Tina Fey, Alec Baldwin, Tracy Morgan, Jack McBrayer",8.2,113479,2006–2013
Lie to Me,"About Cal Lightman, the world's leading deception expert who studies facial expressions and involuntary body language to expose the truth behind the lies.",43,"Crime, Drama, Mystery","Tim Roth, Kelli Williams, Brendan Hines, Monica Raymund",8,112830,2009–2011
Fleabag,A comedy series adapted from the award-winning play about a young woman trying to cope with life in London whilst coming to terms with a recent tragedy.,27,"Comedy, Drama","Phoebe Waller-Bridge, Sian Clifford, Olivia Colman, Jenny Rainsford",8.7,112732,2016–2019
Grimm,A homicide detective discovers he is a descendant of hunters who fight supernatural forces.,45,"Crime, Drama, Fantasy","David Giuntoli, Russell Hornsby, Silas Weir Mitchell, Sasha Roiz",7.8,110832,2011–2017
Top Gear,"The hosts talk about everything car-related. From new cars to how they're fueled, this show has it all.",60,"Adventure, Comedy, Reality-TV","Jeremy Clarkson, Richard Hammond, James May, The Stig",8.6,110422,2002–
The Legend of Korra,Avatar Korra fights to keep Republic City safe from the evil forces of both the physical and spiritual worlds.,23,"Animation, Action, Adventure","Janet Varney, P.J. Byrne, David Faustino, J.K. Simmons",8.4,107996,2012–2014
The Newsroom,"A newsroom undergoes some changes in its workings and morals as a new team is brought in, bringing unexpected results for its existing news anchor.",55,Drama,"Jeff Daniels, Emily Mortimer, John Gallagher Jr., Alison Pill",8.6,106526,2012–2014
Weeds,"When a suburban mother turns to dealing marijuana in order to maintain her privileged lifestyle after her husband dies, she finds out just how addicted her entire neighborhood already is.",28,"Comedy, Crime, Drama","Mary-Louise Parker, Hunter Parrish, Alexander Gould, Kevin Nealon",7.9,103567,2005–2012
Orphan Black,A streetwise hustler is pulled into a compelling conspiracy after witnessing the suicide of a girl who looks just like her.,44,"Action, Drama, Sci-Fi","Tatiana Maslany, Dylan Bruce, Jordan Gavaris, Kevin Hanchard",8.3,103454,2013–2017
Elementary,"A modern take on the cases of Sherlock Holmes, with the detective now living in New York City.",60,"Crime, Drama, Mystery","Jonny Lee Miller, Lucy Liu, Aidan Quinn, Jon Michael Hill",7.9,102871,2012–2019
Under the Dome,"An invisible and mysterious force field descends upon a small actual town of Chester's Mill, Maine, USA, trapping residents inside, cut off from the rest of civilization. The trapped townspeople must discover the secrets and purpose of the ""dome"" or ""sphere"" and its origins, while coming to learn more than they ever knew about each other and animals too.",43,"Drama, Mystery, Sci-Fi","Mike Vogel, Rachelle Lefevre, Alexander Koch, Colin Ford",6.6,102152,2013–2015
The Office,The story of an office that faces closure when the company decides to downsize its branches. A documentary film crew follow staff and the manager David Brent as they continue their daily lives.,30,"Comedy, Drama","Ricky Gervais, Martin Freeman, Mackenzie Crook, Lucy Davis",8.5,101436,2001–2003
The Killing,"A police investigation, the saga of a grieving family, and a Seattle mayoral campaign all interlock after the body of 17-year-old Rosie Larsen is found in the trunk of a submerged car.",45,"Crime, Drama, Mystery","Mireille Enos, Joel Kinnaman, Billy Campbell, Liam James",8.2,101067,2011–2014
Bodyguard,A contemporary thriller featuring the Royalty and Specialist Protection Branch of London's Metropolitan Police Service.,60,"Crime, Drama, Thriller","Richard Madden, Sophie Rundle, Vincent Franklin, Ash Tandon",8.1,100781,2018
Star Trek: Discovery,"Ten years before Kirk, Spock, and the Enterprise, the USS Discovery discovers new worlds and lifeforms as one Starfleet officer learns to understand all things alien.",60,"Action, Adventure, Drama","Sonequa Martin-Green, Doug Jones, Anthony Rapp, Mary Wiseman",7.2,99850,2017–
Bates Motel,"A contemporary prequel to Psycho, giving a portrayal of how Norman Bates' psyche unravels through his teenage years, and how deeply intricate his relationship with his mother, Norma, truly is.",45,"Drama, Horror, Mystery","Vera Farmiga, Freddie Highmore, Max Thieriot, Nicola Peltz",8.1,99205,2013–2017
Broadchurch,"The murder of a young boy in a small coastal town brings a media frenzy, which threatens to tear the community apart.",48,"Crime, Drama, Mystery","David Tennant, Olivia Colman, Jodie Whittaker, Andrew Buchan",8.4,98982,2013–2017
Deadwood,"A show set in the late 1800s, revolving around the characters of Deadwood, South Dakota; a town of deep corruption and crime.",55,"Crime, Drama, History","Timothy Olyphant, Ian McShane, Molly Parker, Brad Dourif",8.6,96852,2004–2006
My Name Is Earl,"A ne'er do well wins $100,000 in the lottery and decides to right all the wrongs from his past with his newfound realization.",22,Comedy,"Jason Lee, Ethan Suplee, Jaime Pressly, Nadine Velazquez",7.7,96739,2005–2009
Black Sails,"Follows Captain Flint and his pirates twenty years prior to Robert Louis Stevenson's classic novel ""Treasure Island.""",56,"Adventure, Drama","Jessica Parker Kennedy, Toby Stephens, Hannah New, Zach McGowan",8.2,95683,2014–2017
The Sinner,Anthology series that examines how and why ordinary people commit brutal crimes.,45,"Crime, Drama, Mystery","Bill Pullman, Dohn Norwood, Adam LeFevre, Jessica Biel",7.9,95316,2017–
Jack Ryan,"An up-and-coming CIA analyst, Jack Ryan, is thrust into a dangerous field assignment as he uncovers a pattern in terrorist communication that launches him into the center of a dangerous gambit.",60,"Action, Drama, Thriller","John Krasinski, Wendell Pierce, John Hoogenakker, Abbie Cornish",8.1,95243,2018–
Misfits,"A group of young offenders doing community service get struck by lightning during a storm, and begin to develop superpowers.",60,"Comedy, Drama, Fantasy","Nathan Stewart-Jarrett, Joe Gilgun, Iwan Rheon, Lauren Socha",8.2,95011,2009–2013
Legends of Tomorrow,"Time-travelling rogue Rip Hunter has to recruit a rag-tag team of heroes and villains to help prevent an apocalypse that could impact not only Earth, but all of time.",42,"Action, Adventure, Drama","Caity Lotz, Amy Louise Pemberton, Dominic Purcell, Brandon Routh",6.8,94463,2016–
The OA,"Having gone missing seven years ago, the previously blind Prairie returns home, now in her twenties with her sight restored. While many believe she is a miracle, others worry that she could be dangerous.",60,"Drama, Fantasy, Mystery","Brit Marling, Jason Isaacs, Scott Wilson, Alice Krige",7.8,93584,2016–2019
The Last Kingdom,"As Alfred the Great defends his kingdom from Norse invaders, Uhtred - born a Saxon but raised by Vikings - seeks to claim his ancestral birthright.",60,"Action, Drama, History","Alexander Dreymon, Eliza Butterworth, Arnas Fedaravicius, Millie Brady",8.4,91987,2015–
Naruto: Shippûden,"Naruto Uzumaki, is a loud, hyperactive, adolescent ninja who constantly searches for approval and recognition, as well as to become Hokage, who is acknowledged as the leader and strongest of all ninja in the village.",24,"Animation, Action, Adventure","Junko Takeuchi, Maile Flanagan, Kate Higgins, Chie Nakamura",8.6,91846,2007–2017
2 Broke Girls,Two young women waitressing at a greasy spoon diner strike up an unlikely friendship in the hopes of launching a successful business - if only they can raise the cash.,22,Comedy,"Kat Dennings, Beth Behrs, Garrett Morris, Jonathan Kite",6.6,91834,2011–2017
Killing Eve,"After a series of events, the lives of a security operative and an assassin become inextricably linked.",42,"Action, Adventure, Drama","Jodie Comer, Sandra Oh, Fiona Shaw, Kim Bodnia",8.2,91713,2018–2022
The Man in the High Castle,"In a dystopian America dominated by Nazi Germany and Imperial Japan, a young woman discovers a mysterious film that may hold the key to toppling the totalitarian regimes.",60,"Drama, Sci-Fi, Thriller","Alexa Davalos, Luke Kleintank, Rufus Sewell, Rupert Evans",8,90559,2015–2019
Banshee,"An ex-con assumes the identity of a murdered sheriff in the small town of Banshee, Pennsylvania; where he has some unfinished business.",60,"Action, Crime, Drama","Antony Starr, Ivana Milicevic, Ulrich Thomsen, Frankie Faison",8.4,90222,2013–2016
After Life,"After Tony's wife dies unexpectedly, his nice-guy persona is altered into an impulsive, devil-may-care attitude; taking his old world by storm.",30,"Comedy, Drama","Ricky Gervais, Tom Basden, Tony Way, Diane Morgan",8.4,90191,2019–
Leyla ile Mecnun,"Turkish television comedy series set in Istanbul, Leyla and Mecnun is a surreal and absurd comedy that revolves around the fictional love story between Leyla and Mecnun.",nan,"Adventure, Comedy, Drama","Ali Atay, Ahmet Mümtaz Taylan, Serkan Keskin, Osman Sonant",9.1,90185,2011–2021
Justified,"U.S. Marshal Raylan Givens is reassigned from Miami to his childhood home in the poor, rural coal mining towns of eastern Kentucky.",44,"Action, Crime, Drama","Timothy Olyphant, Nick Searcy, Joelle Carter, Jacob Pitts",8.6,88999,2010–2015
Making a Murderer,A trio of women form a musical group in Atlanta.,57,"Documentary, Crime","Steven Avery, Dolores Avery, Laura Nirider, Kathleen Zellner",8.6,88426,2015–2018
The Fall,A seemingly cold but very passionate policewoman goes head to head with a seemingly passionate father who is in fact a cold serial killer in this procedural out of Belfast. The only thing they share is their common complexity.,60,"Crime, Drama, Thriller","Gillian Anderson, Jamie Dornan, John Lynch, Aisling Franciosi",8.1,87921,I 2013–2016
The Americans,"At the height of the Cold War two Russian agents pose as your average American couple, complete with family.",44,"Crime, Drama, Mystery","Keri Russell, Matthew Rhys, Keidrich Sellati, Holly Taylor",8.4,87570,2013–2018
Psych,"A novice sleuth is hired by the Police after he cons them into thinking he has psychic powers which help solve crimes. With the assistance of his reluctant best friend, the duo take on a series of complicated cases.",44,"Comedy, Crime, Mystery","James Roday Rodriguez, Dulé Hill, Timothy Omundson, Corbin Bernsen",8.3,87200,2006–2014
Falling Skies,Survivors of an alien attack on earth gather together to fight for their lives and fight back.,30,"Action, Adventure, Drama","Noah Wyle, Drew Roy, Maxim Knight, Will Patton",7.2,86071,2011–2015
The Marvelous Mrs. Maisel,A housewife in 1958 decides to become a stand-up comic.,57,"Comedy, Drama","Rachel Brosnahan, Alex Borstein, Michael Zegen, Marin Hinkle",8.7,85702,2017–
Schitt's Creek,"When rich video-store magnate Johnny Rose and his family suddenly find themselves broke, they are forced to leave their pampered lives to regroup in Schitt's Creek.",22,Comedy,"Eugene Levy, ""Catherine OHara"", Dan Levy, Annie Murphy",8.5,84920,2015–2020
The Following,"A brilliant and charismatic, yet psychotic serial killer communicates with other active serial killers and activates a cult of believers following his every command.",11,"Crime, Drama, Horror","Kevin Bacon, James Purefoy, Shawn Ashmore, Valorie Curry",7.4,84371,2013–2015
Legion,"David Haller is a troubled young man diagnosed as schizophrenic, but after a strange encounter, he discovers special powers that will change his life forever.",60,"Action, Drama, Sci-Fi","Dan Stevens, Rachel Keller, Aubrey Plaza, Bill Irwin",8.2,84173,2017–2019
The Leftovers,"Three years after the disappearance of two percent of the global population, a group of people in a small New York community try to continue their lives while coping with the tragedy of the unexplained nature of the event.",60,"Drama, Fantasy, Mystery","Justin Theroux, Amy Brenneman, Christopher Eccleston, Liv Tyler",8.3,83870,2014–2017
The O.C.,"A troubled youth becomes embroiled in the lives of a close-knit group of people in the wealthy, upper-class neighborhood of Newport Beach, Orange County, California.",44,"Comedy, Drama, Romance","Mischa Barton, Adam Brody, Peter Gallagher, Kelly Rowan",7.5,82800,2003–2007
American Crime Story,An anthology series centered around America's most notorious crimes and criminals.,42,"Biography, Crime, Drama","Sarah Paulson, Annaleigh Ashford, Sterling K. Brown, Kenneth Choi",8.4,82138,2016–
The Inbetweeners,Follows four friends and their antics during their final years of school.,25,Comedy,"Simon Bird, James Buckley, Blake Harrison, Joe Thomas",8.4,81623,2008–2010
Last Week Tonight with John Oliver,Former Daily Show host and correspondent,42,"Comedy, News, Talk-Show","John Oliver, David Kaye, Ryan Barger, Noel MacNeal",8.9,81348,2014–
Revolution,"Fifteen years after a permanent global blackout, a group of revolutionaries seeks to drive out an occupying force posing as the United States Government.",24,"Action, Adventure, Drama","Billy Burke, Tracy Spiridakos, Giancarlo Esposito, Zak Orth",6.7,81337,2012–2014
Chilling Adventures of Sabrina,"As her 16th birthday nears, Sabrina must choose between the witch world of her family and the human world of her friends. Based on the Archie comic.",60,"Drama, Fantasy, Horror","Kiernan Shipka, Ross Lynch, Lucy Davis, Chance Perdomo",7.5,81264,2018–2020
Terra Nova,"Centers on the Shannons, an ordinary family from 2149 when the planet is dying, who are transported back 85 million years to prehistoric Earth where they join Terra Nova, a colony of humans with a second chance to build a civilization.",60,"Adventure, Drama, Mystery","""Jason OMara"", Shelley Conn, Christine Adams, Allison Miller",6.8,80681,2011
Designated Survivor,A low-level Cabinet member becomes President of the United States after a catastrophic attack kills everyone above him in the line of succession.,60,"Action, Drama, Mystery","Kiefer Sutherland, Adan Canto, Italia Ricci, Kal Penn",7.5,80308,2016–2019
Adventure Time,"A 12-year-old boy and his best friend, wise 28-year-old dog with magical powers, go on a series of surreal adventures with each other in a remote future.",11,"Animation, Action, Adventure","John DiMaggio, Jeremy Shada, Tom Kenny, Hynden Walch",8.6,79973,2010–2018
Gravity Falls,"Twin siblings Dipper and Mabel Pines spend the summer at their great-uncle's tourist trap in the enigmatic Gravity Falls, Oregon.",23,"Animation, Adventure, Comedy","Jason Ritter, Alex Hirsch, Kristen Schaal, Linda Cardellini",8.9,79551,2012–2016
Sacred Games,"A link in their pasts leads an honest cop to a fugitive gang boss, whose cryptic warning spurs the officer on a quest to save Mumbai from cataclysm.",50,"Action, Crime, Drama","Saif Ali Khan, Nawazuddin Siddiqui, Neeraj Kabi, Elnaaz Norouzi",8.6,79193,2018–2019
American Gods,"A recently released ex-convict named Shadow meets a mysterious man who calls himself ""Wednesday"" and who knows more than he first seems to about Shadow's life and past.",60,"Drama, Fantasy, Mystery","Ricky Whittle, Emily Browning, Yetide Badaki, Bruce Langley",7.7,79190,2017–2021
Ray Donovan,"Ray Donovan, a professional ""fixer"" for the rich and famous in Los Angeles, can make anyone's problems disappear except those created by his own family.",60,"Crime, Drama","Liev Schreiber, Eddie Marsan, Dash Mihok, Pooch Hall",8.3,78845,2013–2020
Naruto,"Naruto Uzumaki, a mischievous adolescent ninja, struggles as he searches for recognition and dreams of becoming the Hokage, the village's leader and strongest ninja.",24,"Animation, Action, Adventure","Junko Takeuchi, Maile Flanagan, Kate Higgins, Chie Nakamura",8.3,76888,2002–2007
Skins,The story of a group of British teens who are trying to grow up and find love and happiness despite questionable parenting and teachers who more want to be friends (and lovers) rather than authority figures.,46,Drama,"Kaya Scodelario, Nicholas Hoult, Joe Dempsie, Hannah Murray",8.2,76499,2007–2013
The Strain,A mysterious viral outbreak with hallmarks of an ancient and evil strain of vampirism ravages the city of New York.,43,"Drama, Fantasy, Horror","Corey Stoll, David Bradley, Kevin Durand, Jonathan Hyde",7.3,76302,2014–2017
Agent Carter,"In 1946, Peggy Carter is relegated to secretarial duties in the Strategic Scientific Reserve (SSR). When Howard Stark is accused of treason, he secretly recruits Peggy to clear his name with the help of his butler, Edwin Jarvis.",42,"Action, Adventure, Sci-Fi","Hayley Atwell, ""James DArcy"", Enver Gjokaj, Chad Michael Murray",7.9,75466,2015–2016
Lost in Space,"After crash-landing on an alien planet, the Robinson family fight against all odds to survive and escape, but they're surrounded by hidden dangers.",60,"Adventure, Drama, Family","Maxwell Jenkins, Molly Parker, Toby Stephens, Taylor Russell",7.3,75441,2018–
Merlin,"These are the brand new adventures of Merlin, the legendary sorcerer as a young man, when he was just a servant to young Prince Arthur on the royal court of Camelot, who has soon become his best friend, and turned Arthur into a great king and a legend.",45,"Adventure, Drama, Fantasy","John Hurt, Colin Morgan, Bradley James, Richard Wilson",7.9,75300,2008–2012
Louie,"The life of Louie C.K., a divorced comedian living in New York with two kids.",26,"Comedy, Drama","Louis C.K., Hadley Delany, Ursula Parker, Pamela Adlon",8.5,75197,2010–2015
Da Vinci's Demons,"Follows Leonardo Da Vinci during his early days in Florence, as a young artist, inventor and dreamer, trying to change the future.",60,"Adventure, Biography, Drama","Tom Riley, Gregg Chillin, Eros Vlahos, Laura Haddock",8,74175,2013–2015
The Shield,Follows the lives and cases of a dirty Los Angeles Police Department cop and the unit under his command.,47,"Crime, Drama, Thriller","Michael Chiklis, Catherine Dent, Walton Goggins, Michael Jace",8.7,73531,2002–2008
One Tree Hill,"Half-brothers Lucas and Nathan Scott trade between kinship and rivalry both on the basketball court and in the hearts of their friends in the small, but not so quiet town of Tree Hill, North Carolina.",60,"Drama, Romance, Sport","Chad Michael Murray, James Lafferty, Hilarie Burton, Bethany Joy Lenz",7.7,73211,2003–2012
Billions,"U.S. Attorney Chuck Rhoades goes after hedge fund king Bobby ""Axe"" Axelrod in a battle between two powerful New York figures.",60,Drama,"Paul Giamatti, Damian Lewis, Maggie Siff, David Costabile",8.4,72721,2016–
Euphoria,"A look at life for a group of high school students as they grapple with issues of drugs, sex, and violence.",55,Drama,"Zendaya, Hunter Schafer, Jacob Elordi, Maude Apatow",8.4,71996,2019–
Russian Doll,A cynical young woman in New York City keeps dying and returning to the party that's being thrown in her honor on that same evening. She tries to find a way out of this strange time loop.,30,"Adventure, Comedy, Drama","Natasha Lyonne, Charlie Barnett, Sharlto Copley, Annie Murphy",7.9,70835,2019–
Titans,A team of young superheroes combat evil and other perils.,45,"Action, Adventure, Crime","Brenton Thwaites, Teagan Croft, Anna Diop, Ryan Potter",7.7,70823,I 2018–
The Tudors,A dramatic series about the reign and marriages of King Henry VIII.,60,"Drama, History, Romance","Jonathan Rhys Meyers, Henry Cavill, Anthony Brophy, James Frain",8.1,69957,2007–2010
Star Wars: The Clone Wars,Jedi Knights lead the Grand Army of the Republic against the droid army of the Separatists.,23,"Animation, Action, Adventure","Tom Kane, Dee Bradley Baker, Matt Lanter, James Arnold Taylor",8.3,69586,2008–2020
Master of None,"The personal and professional life of Dev, a 30-year-old actor in New York.",30,"Comedy, Drama","Aziz Ansari, Eric Wareheim, Lena Waithe, Noël Wells",8.3,69540,2015–
Lupin,"Inspired by the adventures of Arsène Lupin, gentleman thief Assane Diop sets out to avenge his father for an injustice inflicted by a wealthy family.",,"Action, Crime, Drama",Omar Sy,7.5,135000,2021-